---
title: 特定のカラムでグルーピングされたもののうち特定のカラムが一番大きいレコードを抽出するSQL
date: 2020-12-02T12:02:45
publishDate: 2020-12-02T12:03:10+09:00
draft: false
tags: [docker,mysql5.6]
---

# 結論
column1でグルーピングした中で、column2の値が一番大きいレコードを取りたい時
```sql
SELECT * 
FROM table t1 
LEFT JOIN table t2 
  ON t1.column1 = t2.column1 
  AND t1.column2 < t2.column2 
WHERE t2.column2 IS NULL;
```

[mysqlの公式](https://dev.mysql.com/doc/refman/5.6/ja/example-maximum-column-group-row.html)にもあるように自己結合し、右テーブルの特定のカラムがnullになるものをとる

# 環境
- Docker version 19.03.13, build 4484c46d9d
- mysql:5.6
  - my.confは未指定なのでデフォルト

# 準備
mysql5.6のイメージをダウンロードする
```shell
% docker pull mysql:5.6
```

コンテナを起動する
```shell
% docker run -it --name mysql56 -e MYSQL_ROOT_PASSWORD=password -d mysql:5.6
c10a602370212d74189076236de74f573a683c529f745c5ed5b60285c48d8120
```

確認
```shell
% docker ps
CONTAINER ID        IMAGE               COMMAND                  CREATED             STATUS              PORTS               NAMES
c10a60237021        mysql:5.6           "docker-entrypoint.s…"   3 seconds ago       Up 2 seconds        3306/tcp            mysql56
```

コンテナに入る
```shell
% docker exec -it mysql56 bash
root@c10a60237021:/#
```

mysqlに入る
passwordは`docker run`の`-e`オプションで指定したもの
ここでは`password`
```sql
root@c10a60237021:/# mysql -u root -p
Enter password:
Welcome to the MySQL monitor.  Commands end with ; or \g.
Your MySQL connection id is 2
Server version: 5.6.47 MySQL Community Server (GPL)

Copyright (c) 2000, 2020, Oracle and/or its affiliates. All rights reserved.

Oracle is a registered trademark of Oracle Corporation and/or its
affiliates. Other names may be trademarks of their respective
owners.

Type 'help;' or '\h' for help. Type '\c' to clear the current input statement.

mysql>
```

必要なデータを作る
- データベース: test
- テーブル: products
  - name: varchar(255)
  - price: int

```sql
mysql> create database test;
Query OK, 1 row affected (0.00 sec)
```
```sql
mysql> use test
Database changed
```
```sql
mysql> create table products (name varchar(255), price int);
Query OK, 0 rows affected (0.01 sec)
```
```sql
mysql> insert into products (name, price) values ('A', 100), ('B', 200), ('A', 300), ('B', 100);
Query OK, 4 rows affected (0.00 sec)
Records: 4  Duplicates: 0  Warnings: 0
```
```sql
mysql> select * from products;
+------+-------+
| name | price |
+------+-------+
| A    |   100 |
| B    |   200 |
| A    |   300 |
| B    |   100 |
+------+-------+
4 rows in set (0.00 sec)
```

# SQL
nameごとのグループのうち最大のpriceを持つレコードを抽出する
```sql
mysql> SELECT * FROM products t1 LEFT JOIN products t2 ON t1.name = t2.name AND t1.price < t2.price WHERE t2.price IS NULL;
+------+-------+------+-------+
| name | price | name | price |
+------+-------+------+-------+
| B    |   200 | NULL |  NULL |
| A    |   300 | NULL |  NULL |
+------+-------+------+-------+
2 rows in set (0.00 sec)
```
